8999.0,//item.jd.com/100010793473.html
8999.0,//item.jd.com/100020923600.html
9999.0,//item.jd.com/100019736906.html
6799.0,//item.jd.com/100022003044.html
4899.0,//item.jd.com/100021781178.html
6399.0,//item.jd.com/100023344932.html
4399.0,//item.jd.com/100016777664.html
4699.0,//item.jd.com/100018584132.html
6299.0,//item.jd.com/100014239655.html
8699.0,//item.jd.com/100011398429.html
9299.0,//item.jd.com/100012622295.html
9999.0,//item.jd.com/100018276690.html
6199.0,//item.jd.com/100021782482.html
11999.0,//item.jd.com/100016724434.html
4399.0,//item.jd.com/100011269283.html
6699.0,//item.jd.com/100020923614.html
3999.0,//item.jd.com/100021400874.html
5099.0,//item.jd.com/100021802484.html
8999.0,//item.jd.com/100021647694.html
5799.0,//item.jd.com/100015691164.html
7999.0,//item.jd.com/100026497910.html
8799.0,//item.jd.com/100025037486.html
6988.0,//item.jd.com/100026243824.html
9066.0,//item.jd.com/10028195898629.html
7999.0,//item.jd.com/100010286615.html
7499.0,//item.jd.com/100021771660.html
10999.0,//item.jd.com/100021167332.html
5299.0,//item.jd.com/100016514918.html
6299.0,//item.jd.com/100020878588.html
4499.0,//item.jd.com/100016777690.html
7988.0,//item.jd.com/100026243798.html
8999.0,//item.jd.com/100025037502.html
6399.0,//item.jd.com/100020923576.html
4698.0,//item.jd.com/100021876378.html
3499.0,//item.jd.com/100021400870.html
7699.0,//item.jd.com/100009464799.html
7469.0,//item.jd.com/100011190721.html
6999.0,//item.jd.com/100012141133.html
4399.0,//item.jd.com/100014662878.html
7699.0,//item.jd.com/100016616050.html
4399.0,//item.jd.com/100023681778.html
5699.0,//item.jd.com/100012808551.html
4799.0,//item.jd.com/100025374022.html
4999.0,//item.jd.com/100013483267.html
15899.0,//item.jd.com/100010793475.html
6199.0,//item.jd.com/100011431721.html
11999.0,//item.jd.com/100016724490.html
5299.0,//item.jd.com/100021150248.html
5499.0,//item.jd.com/100020877742.html
6999.0,//item.jd.com/100021349706.html
6999.0,//item.jd.com/100011175665.html
4988.0,//item.jd.com/100013759311.html
7999.0,//item.jd.com/100011190725.html
6969.0,//item.jd.com/100025932106.html
8799.0,//item.jd.com/100012301235.html
4189.0,//item.jd.com/10031299389342.html
9999.0,//item.jd.com/100026000270.html
6799.0,//item.jd.com/100012684487.html
6499.0,//item.jd.com/100014373843.html
5499.0,//item.jd.com/100019543670.html
5899.0,//item.jd.com/100022003020.html
5388.0,//item.jd.com/100017048040.html
6199.0,//item.jd.com/100021802488.html
9999.0,//item.jd.com/100021965280.html
6699.0,//item.jd.com/100021976300.html
6999.0,//item.jd.com/100026163664.html
7288.0,//item.jd.com/100024403104.html
7499.0,//item.jd.com/100024398906.html
6599.0,//item.jd.com/100015691166.html
5999.0,//item.jd.com/100021802458.html
5099.0,//item.jd.com/100016777694.html
4999.0,//item.jd.com/100014616589.html
4499.0,//item.jd.com/100015781264.html
7799.0,//item.jd.com/100026269866.html
6399.0,//item.jd.com/100025288126.html
5999.0,//item.jd.com/100014195837.html
6399.0,//item.jd.com/100011658641.html
7299.0,//item.jd.com/100024403122.html
6199.0,//item.jd.com/100021592020.html
7999.0,//item.jd.com/100026163644.html
9999.0,//item.jd.com/100011742405.html
4499.0,//item.jd.com/100018838168.html
4999.0,//item.jd.com/100017442148.html
5299.0,//item.jd.com/100021942376.html
6599.0,//item.jd.com/100025794908.html
7499.0,//item.jd.com/100023344966.html
6899.0,//item.jd.com/100022426394.html
6999.0,//item.jd.com/100014017199.html
6499.0,//item.jd.com/100015419352.html
5499.0,//item.jd.com/10033909772792.html
5099.0,//item.jd.com/100016777700.html
6999.0,//item.jd.com/100011483889.html
6299.0,//item.jd.com/100022195792.html
6599.0,//item.jd.com/100012301257.html
6399.0,//item.jd.com/100022003014.html
4699.0,//item.jd.com/10025743152718.html
4899.0,//item.jd.com/100022974648.html
5499.0,//item.jd.com/100023584910.html
9199.0,//item.jd.com/100013404039.html
5199.0,//item.jd.com/100019867006.html
8999.0,//item.jd.com/100014229511.html
5299.0,//item.jd.com/10030429992208.html
6469.0,//item.jd.com/100021647678.html
8999.0,//item.jd.com/100012562033.html
8499.0,//item.jd.com/100023584840.html
6199.0,//item.jd.com/100016514926.html
3499.0,//item.jd.com/100022962610.html
8299.0,//item.jd.com/100026511974.html
5499.0,//item.jd.com/100021707422.html
4699.0,//item.jd.com/100026243826.html
4799.0,//item.jd.com/100016777696.html
8499.0,//item.jd.com/100023979512.html
4999.0,//item.jd.com/100025195628.html
9949.0,//item.jd.com/100012032157.html
7799.0,//item.jd.com/100011551115.html
11499.0,//item.jd.com/100021647674.html
4799.0,//item.jd.com/10036795782396.html
6999.0,//item.jd.com/100013847351.html
9969.0,//item.jd.com/100009641633.html
5899.0,//item.jd.com/100021764540.html
9499.0,//item.jd.com/100009464821.html
4699.0,//item.jd.com/100024680722.html
5499.0,//item.jd.com/100025776788.html
6499.0,//item.jd.com/100023485336.html
5499.0,//item.jd.com/100011483891.html
5999.0,//item.jd.com/100019549498.html
5799.0,//item.jd.com/100016777692.html
10899.0,//item.jd.com/100009536763.html
4699.0,//item.jd.com/100011526087.html
5199.0,//item.jd.com/100021150228.html
4799.0,//item.jd.com/100014488372.html
8699.0,//item.jd.com/100021965308.html
7546.0,//item.jd.com/10031056034683.html
4489.0,//item.jd.com/10025621720527.html
13999.0,//item.jd.com/100024053514.html
10499.0,//item.jd.com/100012969215.html
6299.0,//item.jd.com/10026505315633.html
4299.0,//item.jd.com/100025776784.html
5899.0,//item.jd.com/100020733706.html
5999.0,//item.jd.com/100025327966.html
6799.0,//item.jd.com/100026518836.html
6799.0,//item.jd.com/100014456217.html
7599.0,//item.jd.com/100014669615.html
7499.0,//item.jd.com/100025327964.html
9999.0,//item.jd.com/69822495174.html
6299.0,//item.jd.com/100013483269.html
4999.0,//item.jd.com/100021725644.html
5899.0,//item.jd.com/100025908780.html
6999.0,//item.jd.com/100011483895.html
6999.0,//item.jd.com/100011249641.html
7099.0,//item.jd.com/100008893791.html
5299.0,//item.jd.com/100025373940.html
6599.0,//item.jd.com/100023819996.html
6866.0,//item.jd.com/10031075001520.html
3699.0,//item.jd.com/100022082610.html
7899.0,//item.jd.com/100020318814.html
5299.0,//item.jd.com/100011476857.html
5499.0,//item.jd.com/100021647670.html
5699.0,//item.jd.com/100021782436.html
14599.0,//item.jd.com/10036391105288.html
8999.0,//item.jd.com/100021548462.html
7499.0,//item.jd.com/100020733038.html
4599.0,//item.jd.com/100023699112.html
5699.0,//item.jd.com/100025600224.html
8299.0,//item.jd.com/100021976226.html
11949.0,//item.jd.com/100023181398.html
4999.0,//item.jd.com/100012779151.html
7999.0,//item.jd.com/100020318812.html
13469.0,//item.jd.com/100023347542.html
4199.0,//item.jd.com/100018838202.html
6299.0,//item.jd.com/10033566280221.html
4999.0,//item.jd.com/100013641865.html
6599.0,//item.jd.com/100025327968.html
8799.0,//item.jd.com/100008090199.html
4499.0,//item.jd.com/100026173128.html
7899.0,//item.jd.com/100021764564.html
7699.0,//item.jd.com/100009464797.html
4999.0,//item.jd.com/100011386554.html
6999.0,//item.jd.com/100024503168.html
6499.0,//item.jd.com/100027078680.html
4799.0,//item.jd.com/100008203515.html
9499.0,//item.jd.com/100026267964.html
5999.0,//item.jd.com/100021583908.html
4899.0,//item.jd.com/100016777688.html
6999.0,//item.jd.com/100025908784.html
5899.0,//item.jd.com/100011431725.html
6699.0,//item.jd.com/100023344964.html
9099.0,//item.jd.com/100009552055.html
4999.0,//item.jd.com/100022287892.html
5499.0,//item.jd.com/100024305300.html
5999.0,//item.jd.com/100024305298.html
4399.0,//item.jd.com/100007852387.html
10999.0,//item.jd.com/100018600612.html
7799.0,//item.jd.com/100022078416.html
9199.0,//item.jd.com/100024272592.html
13199.0,//item.jd.com/100013068434.html
9499.0,//item.jd.com/100009464825.html
7499.0,//item.jd.com/100020923592.html
5999.0,//item.jd.com/100014195833.html
9499.0,//item.jd.com/100016616048.html
4199.0,//item.jd.com/100023914646.html
10999.0,//item.jd.com/100016616046.html
9949.0,//item.jd.com/100023181394.html
5299.0,//item.jd.com/100021927652.html
12999.0,//item.jd.com/100021965324.html
2999.0,//item.jd.com/100022082612.html
9599.0,//item.jd.com/100011477309.html
8999.0,//item.jd.com/100025794896.html
8099.0,//item.jd.com/100021764536.html
8999.0,//item.jd.com/100009552065.html
9999.0,//item.jd.com/100012544815.html
11999.0,//item.jd.com/100026116470.html
6399.0,//item.jd.com/10030444969071.html
9869.0,//item.jd.com/100012032127.html
9199.0,//item.jd.com/100011579191.html
3998.0,//item.jd.com/100013847353.html
4499.0,//item.jd.com/100016551542.html
5999.0,//item.jd.com/100020137548.html
7599.0,//item.jd.com/10031792658506.html
7299.0,//item.jd.com/100026699676.html
5799.0,//item.jd.com/100011530887.html
7499.0,//item.jd.com/100021318606.html
6999.0,//item.jd.com/100021100372.html
9499.0,//item.jd.com/100009464823.html
3989.0,//item.jd.com/100010728845.html
5589.0,//item.jd.com/10031480529515.html
8999.0,//item.jd.com/100020732998.html
10499.0,//item.jd.com/100022426372.html
12999.0,//item.jd.com/100012352015.html
10899.0,//item.jd.com/100016724446.html
4699.0,//item.jd.com/100022243346.html
7999.0,//item.jd.com/100021548434.html
17499.0,//item.jd.com/100011157085.html
5199.0,//item.jd.com/10027856973667.html
9999.0,//item.jd.com/100022426396.html
6799.0,//item.jd.com/100011431723.html
1999.0,//item.jd.com/100016948626.html
6999.0,//item.jd.com/100013460045.html
4499.0,//item.jd.com/100010198657.html
5489.0,//item.jd.com/10032515906251.html
4999.0,//item.jd.com/100011483893.html
6299.0,//item.jd.com/100019572430.html
4299.0,//item.jd.com/100025776786.html
4999.0,//item.jd.com/10025018584451.html
11499.0,//item.jd.com/100012142851.html
5099.0,//item.jd.com/100017690766.html
4199.0,//item.jd.com/100023048578.html
23969.0,//item.jd.com/100022573988.html
8999.0,//item.jd.com/100015921260.html
5099.0,//item.jd.com/100018083778.html
8299.0,//item.jd.com/100026462784.html
4499.0,//item.jd.com/10021123967555.html
8999.0,//item.jd.com/100025028034.html
6299.0,//item.jd.com/100021965484.html
7999.0,//item.jd.com/10023791299233.html
5999.0,//item.jd.com/100015637194.html
5599.0,//item.jd.com/100018083802.html
7266.0,//item.jd.com/10031074340414.html
16999.0,//item.jd.com/100012142847.html
6299.0,//item.jd.com/100021647704.html
7499.0,//item.jd.com/100013477937.html
8599.0,//item.jd.com/10032963505341.html
4899.0,//item.jd.com/10032934620222.html
4999.0,//item.jd.com/100025382142.html
7199.0,//item.jd.com/100021318642.html
9099.0,//item.jd.com/100021965284.html
6499.0,//item.jd.com/100024305342.html
10999.0,//item.jd.com/100026792400.html
5099.0,//item.jd.com/10035346944877.html
6999.0,//item.jd.com/100022078428.html
8699.0,//item.jd.com/100012544831.html
7866.0,//item.jd.com/10031075001519.html
9949.0,//item.jd.com/100023181400.html
8699.0,//item.jd.com/100021647702.html
6859.0,//item.jd.com/100019979490.html
13099.0,//item.jd.com/100007136959.html
15999.0,//item.jd.com/100011796853.html
9299.0,//item.jd.com/100012292831.html
6599.0,//item.jd.com/100015758978.html
10499.0,//item.jd.com/100020733040.html
5899.0,//item.jd.com/100012844403.html
8799.0,//item.jd.com/100012292817.html
10999.0,//item.jd.com/100007278665.html
4199.0,//item.jd.com/100020483262.html
4999.0,//item.jd.com/100021731804.html
10999.0,//item.jd.com/100016616028.html
10899.0,//item.jd.com/10028197776345.html
9499.0,//item.jd.com/100012701655.html
15999.0,//item.jd.com/100023662340.html
5199.0,//item.jd.com/10021123967556.html
9499.0,//item.jd.com/100013333248.html
5299.0,//item.jd.com/10029911227245.html
4799.0,//item.jd.com/100013479214.html
6699.0,//item.jd.com/100021567676.html
6599.0,//item.jd.com/100011431719.html
10099.0,//item.jd.com/100017970852.html
2799.0,//item.jd.com/100024169908.html
3199.0,//item.jd.com/100019498800.html
4999.0,//item.jd.com/100017751544.html
8199.0,//item.jd.com/100012301237.html
